{
  "project_info": {
    "project_number": "24165574640",
    "firebase_url": "https://prototypefitapp.firebaseio.com",
    "project_id": "prototypefitapp",
    "storage_bucket": "prototypefitapp.appspot.com"
  },
  "client": [
    {
      "client_info": {
        "mobilesdk_app_id": "1:24165574640:android:c82c96f06261900df6df35",
        "android_client_info": {
          "package_name": "fit.app.fitapproto"
        }
      },
      "oauth_client": [
        {
          "client_id": "24165574640-sm7j7vpdfeva1fd6ki6h9k8qvfms9p5j.apps.googleusercontent.com",
          "client_type": 3
        }
      ],
      "api_key": [
        {
          "current_key": "AIzaSyATqUEymYl5JSRIWQrK_-NY2raHyLqF-fo"
        }
      ],
      "services": {
        "appinvite_service": {
          "other_platform_oauth_client": [
            {
              "client_id": "24165574640-sm7j7vpdfeva1fd6ki6h9k8qvfms9p5j.apps.googleusercontent.com",
              "client_type": 3
            }
          ]
        }
      }
    },
    {
      "client_info": {
        "mobilesdk_app_id": "1:24165574640:android:817be9071292de01f6df35",
        "android_client_info": {
          "package_name": "com.example.prototypefitapp"
        }
      },
      "oauth_client": [
        {
          "client_id": "24165574640-gqdnesj6gmh06kjohig3eclk0b36bg57.apps.googleusercontent.com",
          "client_type": 1,
          "android_info": {
            "package_name": "com.example.prototypefitapp",
            "certificate_hash": "e2889e383b7043464c526d8c8adb06c35a14435e"
          }
        },
        {
          "client_id": "24165574640-sm7j7vpdfeva1fd6ki6h9k8qvfms9p5j.apps.googleusercontent.com",
          "client_type": 3
        }
      ],
      "api_key": [
        {
          "current_key": "AIzaSyATqUEymYl5JSRIWQrK_-NY2raHyLqF-fo"
        }
      ],
      "services": {
        "appinvite_service": {
          "other_platform_oauth_client": [
            {
              "client_id": "24165574640-sm7j7vpdfeva1fd6ki6h9k8qvfms9p5j.apps.googleusercontent.com",
              "client_type": 3
            }
          ]
        }
      }
    }
  ],
  "configuration_version": "1"
}